"Kit","Family","Color","Broken_Special","Color_Genotype","Agouti_Genotype","Family_Genotype","Broken_Special_Genotype","Steel_Genotype","Broken_Genotype","Wideband_Genotype","Lutino_Genotype","Color_Phenotype","Agouti_Phenotype","Family_Phenotype","Broken_Special_Phenotype","Steel_Phenotype","Broken_Phenotype","Wideband_Phenotype","Lutino_Phenotype","Steel","Broken","Wideband","Lutino"
1,"Full","Black-based","Unknown","BB","aa","CC","EnEN","EsEs","EnEn","WW","PP","Black-based","Solid","Full","Unknown","Steel","Broken","Wideband","Lutino","Steel","Broken","Wideband","Lutino"
2,"Full","Black-based","Unknown","BB","aa","CC","EnEN","Esej","Enen","Ww","Pp","Black-based","Solid","Full","Unknown","Harlequin","Carrier","Carrier","Carrier","Harlequin","Carrier","Carrier","Carrier"
3,"Full","Black-based","Unknown","BB","aa","CC","enEN","ejEs","EnEn","WW","Pp","Black-based","Solid","Full","Unknown","Unknown","Broken","Wideband","Carrier","Unknown","Broken","Wideband","Carrier"
4,"Full","Black-based","Unknown","BB","aa","CC","enEN","ejej","Enen","Ww","pp","Black-based","Solid","Full","Unknown","Unknown","Carrier","Carrier","Unknown","Unknown","Carrier","Carrier","Unknown"
5,"Full","Black-based","Unknown","BB","aa","CC","EnEN","EsEs","EnEn","WW","PP","Black-based","Solid","Full","Unknown","Steel","Broken","Wideband","Lutino","Steel","Broken","Wideband","Lutino"
6,"Full","Black-based","Unknown","BB","aa","CC","EnEN","Esej","Enen","Ww","Pp","Black-based","Solid","Full","Unknown","Harlequin","Carrier","Carrier","Carrier","Harlequin","Carrier","Carrier","Carrier"
7,"Full","Black-based","Unknown","BB","aa","CC","enEN","ejEs","EnEn","WW","Pp","Black-based","Solid","Full","Unknown","Unknown","Broken","Wideband","Carrier","Unknown","Broken","Wideband","Carrier"
8,"Full","Black-based","Unknown","BB","aa","CC","enEN","ejej","Enen","Ww","pp","Black-based","Solid","Full","Unknown","Unknown","Carrier","Carrier","Unknown","Unknown","Carrier","Carrier","Unknown"
9,"Full","Black-based","Unknown","BB","aa","CC","EnEN","EsEs","EnEn","WW","PP","Black-based","Solid","Full","Unknown","Steel","Broken","Wideband","Lutino","Steel","Broken","Wideband","Lutino"
10,"Full","Black-based","Unknown","BB","aa","CC","EnEN","Esej","Enen","Ww","Pp","Black-based","Solid","Full","Unknown","Harlequin","Carrier","Carrier","Carrier","Harlequin","Carrier","Carrier","Carrier"
